<?xml version="1.0" encoding="UTF-8"?>
 
 <!DOCTYPE hibernate-configuration PUBLIC
          "-//Hibernate/Hibernate Configuration DTD 3.0//EN"
          "http://hibernate.sourceforge.net/hibernate-configuration-3.0.dtd">

<hibernate-configuration>

	<session-factory>
		<!--  <property name="hibernate.connection.driver_class">com.mysql.jdbc.Driver</property>
		<property name="hibernate.connection.username">root</property>
		<property name="hibernate.connection.password">root</property>
		<property name="hibernate.connection.url">jdbc:mysql://localhost:3306/searchenginedb</property>
		<property name="hibernate.dialect">org.hibernate.dialect.MySQLInnoDBDialect</property> 
		<property name="show_sql">true</property> -->
		
		
		 <property name="hibernate.connection.driver_class">com.microsoft.sqlserver.jdbc.SQLServerDriver</property>
		<property name="hibernate.connection.username">sa</property>
		<property name="hibernate.connection.password">Sql123$</property>
		<property name="hibernate.connection.url">jdbc:sqlserver://PC1477\SQLEXPRESS:1433;databaseName=karteek</property>
		<property name="hibernate.dialect">org.hibernate.dialect.SQLServerDialect</property>  
		<property name="show_sql">true</property>

		<!-- Mapped Entities -->

	 	<mapping class="com.loginmodule.model.User" /> 
		
		


	</session-factory>
</hibernate-configuration>